vin,make,model,year,color
WAULD64BX3N931786,Chevrolet,Venture,1933,Fuscia
WDDHF0EB1EB219174,Mazda,Mazda3,1964,Crimson
3C6TD4CT6CG964799,Hyundai,Tiburon,1978,Crimson
WBSWD9C59AP849300,Mercedes-Benz,S-Class,1913,Turquoise
WBADX1C5XCE568187,Volkswagen,Golf,1965,Pink
WBAPH53529A497066,Porsche,911,1953,Teal
5GAKRBKD4FJ665157,MINI,Clubman,1919,Goldenrod
1C4RDJDG8DC372912,Ford,Mustang,1930,Red
1GD020CG8BF262928,Land Rover,Range Rover,2008,Violet
1G4HF5EM5AU363782,Saab,9-7X,1953,Turquoise
4T1BK1EB1EU890877,Honda,Accord,2004,Yellow
JTDKDTB3XD1288776,Porsche,911,1936,Green
WAUKF98E17A283814,Infiniti,G35,1907,Teal
JTHBK1GG0F2621276,Mitsubishi,Montero,1996,Khaki
JTDKDTB30D1566696,Ford,F250,1920,Violet
2G4WF551521517434,Audi,S4,1948,Violet
1G6AR5SX5E0856423,Maybach,57,1917,Orange
1FTMF1EW9AF226245,Acura,MDX,2020,Yellow
2G4GR5EC5B9074006,Acura,MDX,1947,Blue
WBAET37434N830520,Mitsubishi,Mirage,2022,Violet
5UXWX9C5XF0757240,Volvo,S40,1980,Pink
19UYA427X1A087422,Pontiac,Grand Prix,1921,Puce
WVGAV7AX3CW321702,Lincoln,Navigator L,1914,Orange
WBABN334X2J260944,Mazda,MX-5,1910,Aquamarine
2B3CK4CV8AH972370,Cadillac,Eldorado,1989,Aquamarine
WVWED7AJ4DW163652,Suzuki,SJ,1911,Puce
WBAFR1C51BC473479,Infiniti,G,1973,Blue
5J8TB2H2XCA002055,Volvo,S60,1983,Teal
WAUVT58E53A419614,Porsche,911,2012,Yellow
SCFEBBBC7AG042470,Cadillac,Fleetwood,1932,Goldenrod
3VW517ATXEM395956,Volkswagen,Scirocco,1999,Aquamarine
WP0CA2A80DS832863,Mitsubishi,Truck,2005,Crimson
1GYEE23A290279630,BMW,7 Series,1936,Yellow
1C6RD7GP6CS642147,Chevrolet,Suburban 2500,1953,Pink
1FTWX3B56AE502433,Volvo,XC90,1922,Orange
WBA5B3C50FD689657,Kia,Rondo,1970,Indigo
3VW1K7AJ7BM269110,Smart,Fortwo,1901,Crimson
1HGCP2F33AA824013,Mercedes-Benz,M-Class,1901,Teal
WAUWFBFL0BA674231,Saab,900,1981,Indigo
WAURV78T09A439333,Lincoln,Continental,1974,Puce
1HGCR2E32FA126835,Chevrolet,Camaro,2021,Puce
3G5DA03E33S716420,Mercury,Cougar,1902,Violet
WBALW7C57ED637301,Ford,Mustang,1914,Mauv
JTEBU5JR4E5689165,Saab,9-3,1938,Purple
WVGEF9BP2FD471874,Volvo,S80,1903,Mauv
2HNYD18983H979020,Toyota,Sienna,1993,Crimson
WA1YL54BX5N851763,Mazda,929,1953,Fuscia
JTDKTUD39DD829627,Dodge,Stealth,2015,Blue
KNAFT4A20C5818874,GMC,Savana 1500,1929,Mauv
TRUTX28N311746187,Aston Martin,V12 Vantage,1985,Mauv
1G4GD5EG3AF459670,BMW,530,1948,Indigo
JH4KB16327C497277,Cadillac,Eldorado,2019,Teal
1NXBU4EE5AZ652451,Mazda,MX-6,1993,Violet
WBADR63492G871785,Maybach,62,2017,Red
1G6DD67V390225104,Saab,9000,1973,Yellow
KNDPB3A24D7530463,Infiniti,G35,1918,Mauv
2T1KE4EE2BC959348,Lexus,ES,1974,Pink
1G6DS8E36D0157263,Infiniti,G37,1930,Turquoise
1G6KF57945U207731,BMW,X3,1922,Maroon
5N1AR2MM9FC303686,Ford,E-Series,1988,Red
1D7RW3BK8BS301327,Volkswagen,rio,1973,Goldenrod
WA1YD64B62N238960,Ford,Probe,2019,Green
1FTWX3B51AE334247,Honda,del Sol,2008,Orange
1FTEX1C80AK819327,Saturn,Relay,1948,Purple
3VW1K7AJ8DM203880,Ford,E250,1981,Mauv
5LMJJ2J55EE476433,Cadillac,Escalade ESV,1917,Khaki
1G4GA5EC5BF990540,Ford,EXP,2008,Puce
2C3CDXL95FH879606,Honda,Passport,1983,Mauv
1G6DF5EY2B0140763,Ford,Mustang,2001,Orange
2HNYD18631H410644,Dodge,Ram 1500,1998,Puce
WAUPEBFM1DA989235,Maserati,Quattroporte,2021,Khaki
4T3BA3BB9CU682978,Mitsubishi,3000GT,1924,Fuscia
WAUVC68E42A548884,Mazda,B-Series,1979,Turquoise
WBALZ3C57CC856925,Infiniti,J,1917,Red
3GYEK62N74G215107,Mercedes-Benz,GLK-Class,1981,Violet
2FMHK6CC9AB004336,Infiniti,G,2022,Crimson
2GKALMEK1C6327715,Toyota,Avalon,1969,Maroon
1FBSS3BL3AD962638,Mercury,Cougar,1953,Maroon
WBAVM5C55DV956675,Hyundai,Veracruz,2022,Blue
3C6TD5NT2CG118124,Chevrolet,Express 3500,1995,Aquamarine
2C4RDGDG4CR529263,GMC,Sierra 2500,1957,Puce
WBAPL5G51BN366783,Acura,NSX,1970,Orange
WBAKE5C51CJ001961,BMW,M5,2004,Turquoise
WBAFR7C51CD935277,Audi,TT,1904,Purple
JTHKD5BH9F2780489,Toyota,Prius c,1993,Blue
WAUCFAFR4CA780362,Lexus,LFA,1912,Turquoise
5UXFG8C52DL480542,Chevrolet,Malibu,1973,Teal
SCFFDCCD8CG743985,Volkswagen,Jetta,1901,Goldenrod
WBAFU7C53BC082593,Chevrolet,Corvette,1914,Yellow
1N6AA0CC9AN832610,Mercedes-Benz,300TE,1922,Puce
2HNYD28377H581773,Saab,900,1916,Red
KNAFT4A26B5491914,Ford,Taurus,1907,Maroon
1C3CCBAG1EN397325,Mazda,RX-7,1913,Maroon
1GYS3EEJ0BR559782,Toyota,Matrix,1995,Mauv
1G6DP1ED2B0392936,Chevrolet,Caprice,1940,Indigo
1G6DM5E3XD0850362,Chrysler,Concorde,1920,Teal
1FTMF1E88AF574068,Toyota,Previa,1909,Orange
2C3CDYBT0EH435745,Honda,Civic GX,1909,Green
WBAVB73537K325270,Jeep,Wrangler,2015,Purple
JHMZF1C41BS707365,Lotus,Exige,1913,Green
4T1BD1EB4EU609228,Buick,Riviera,2001,Teal
1FTEW1E89AK427835,Mercedes-Benz,CLK-Class,1958,Goldenrod
WAUDG78E36A661009,Lexus,LFA,1909,Turquoise
JN1CV6EK1AM873586,Lamborghini,Murciélago,1965,Blue
3N1BC1AP3BL556734,Toyota,Paseo,1979,Pink
WAUXF78KX9A953072,Audi,Cabriolet,1936,Red
2G61S5S31D9152127,Lotus,Elise,1955,Indigo
1G4GF5G34EF100239,Panoz,Esperante,2002,Violet
JTJBARBZ5F2211307,Audi,A4,1944,Maroon
1N6AA0CA1BN270153,Bentley,Continental GT,1900,Maroon
WAUHF78P86A151311,Suzuki,Vitara,1951,Yellow
WAU2GBFC4CN381129,Mercedes-Benz,CLS-Class,1956,Yellow
WAUEH98E26A669079,Chevrolet,TrailBlazer,1998,Blue
WA19FAFL2DA553966,Audi,5000CS Quattro,1924,Fuscia
3VW1K7AJ2DM350650,Rolls-Royce,Phantom,2021,Yellow
WBAYB6C54ED041476,BMW,7 Series,2015,Mauv
KL4CJASB7DB189281,Mitsubishi,Pajero,1959,Puce
WBA4A5C52FG347684,Ford,F-Series Super Duty,2003,Puce
WBAWC33599P633866,BMW,325,1917,Red
3VW507AT1EM674280,Dodge,Neon,1929,Orange
WA1CMBFP9FA554751,Ford,E250,2017,Blue
WBADW3C56DE310023,Mazda,B-Series,1947,Indigo
1NXBE4EE1AZ745237,Jeep,Wrangler,1929,Fuscia
4USCN534X2L180254,Buick,Lucerne,1947,Goldenrod
WBAEV53484K700455,Volkswagen,R32,1946,Blue
WBANE53546B259578,Honda,Accord,1939,Red
4T1BD1FK8CU179540,Kia,Spectra,1926,Red
WAU3VAFR3AA519630,Honda,Passport,1989,Red
WAUKF78E47A262878,Mercedes-Benz,W201,2003,Indigo
1B3BD1FB5BN711566,Honda,del Sol,1943,Violet
1GKS1CKJ4FR510289,Volkswagen,Eurovan,1993,Red
JTDZN3EU8E3281573,Toyota,Corolla,1925,Crimson
JN8AZ1MU5CW144467,Mazda,RX-7,1945,Pink
1VWAS7A34FC970471,Dodge,Ram 1500,1928,Puce
5FRYD4H61GB401252,Hyundai,Elantra,1925,Goldenrod
2D4RN7DG2BR560896,Aston Martin,V8 Vantage S,1988,Blue
WBA3C1C58DK416368,Infiniti,G,1982,Purple
1GKUCEEF8AR813297,Acura,RL,2000,Goldenrod
WBAFB33431L721804,BMW,5 Series,1973,Goldenrod
3C3CFFAR6FT196196,Tesla,Roadster,1933,Khaki
JH4DC54806S382838,Audi,RS 4,1917,Red
WAUHF78P98A291161,Dodge,Caravan,1967,Crimson
1G6DH5E5XC0576360,Mercedes-Benz,Sprinter 2500,1908,Green
1YVHZ8BH2C5238007,Pontiac,Grand Prix,1983,Turquoise
WAUGGAFR2EA510614,Toyota,Camry,1904,Green
5UXFH0C57AL874094,Mazda,MX-3,1999,Maroon
5TFBW5F14AX703758,BMW,3 Series,1924,Fuscia
1G6DU57V090820227,Chevrolet,Suburban,1953,Pink
4USFE43557L438171,Lexus,RX,1927,Pink
1G6DL67A580888480,Honda,Passport,1980,Khaki
1GD12YEG4FF668582,Subaru,Legacy,1941,Turquoise
1G6AJ5SX6D0328721,Nissan,Pathfinder,1921,Maroon
3D73Y3HL0AG883591,Chevrolet,Lumina,1993,Puce
WAULC58E34A301862,Nissan,Pathfinder,1943,Indigo
JN1AZ4EH1FM114965,Chevrolet,Suburban 2500,1914,Indigo
3FA6P0LU9ER883260,Ford,F-Series,1929,Purple
WA1LMBFE6CD326960,Chrysler,LeBaron,1916,Goldenrod
JHMZE2H35ES387917,Dodge,Ram 3500,2007,Khaki
WP0AB2A95AS903323,Alfa Romeo,164,1951,Puce
1G6DW677560319945,Jaguar,S-Type,1961,Crimson
JTJHY7AX4F4100603,Mercury,Mariner,1965,Crimson
SCBZB25E31C072556,Ford,Expedition,1916,Khaki
SCBZK25E52C823173,Chevrolet,1500,1981,Puce
YV1622FS9C2104899,Dodge,Grand Caravan,1918,Crimson
WDDJK7DA6DF571012,Chevrolet,Suburban 2500,1964,Purple
WA1WMAFE8CD912552,Holden,VS Commodore,2014,Pink
3VW467AT8CM198701,Maserati,430,1936,Red
1N6AD0CU0AC993519,Saturn,Ion,1994,Yellow
4T1BD1FK4EU971834,Mitsubishi,Raider,1908,Orange
3FA6P0LU7ER008890,Mitsubishi,Truck,2009,Khaki
WBA3A9G52CN633510,Honda,Accord,2006,Maroon
1D4RE2GG8BC203827,Geo,Tracker,1913,Khaki
JN8AE2KP3E9178620,Ford,Contour,2003,Indigo
JH4NA216X1T141478,Chevrolet,Uplander,1924,Purple
JN1CV6FE7FM036728,Ford,Mustang,1908,Fuscia
WVGAV3AX9DW201090,Ford,Econoline E350,1997,Teal
WBANN735X7C338003,Isuzu,Space,1965,Orange
SCFFDCBD6CG323546,Mercedes-Benz,S-Class,2020,Blue
WBA4A5C51FG027076,Chevrolet,Express 2500,1984,Pink
5UMBT93586L892822,Chevrolet,Express 1500,1950,Pink
1GD22XEG3FZ144952,Mitsubishi,Galant,1963,Violet
2C3CCAJG0EH273193,Mitsubishi,Mighty Max,1915,Turquoise
JN8AZ1MU6AW814623,Chevrolet,Express,2003,Aquamarine
JTDKN3DU1F0662655,Saturn,Relay,1915,Teal
KL4CJCSB5FB702638,Audi,A4,1904,Turquoise
2C3CCACG5CH780293,Isuzu,Trooper,1991,Maroon
1G6DJ5ED8B0515213,Land Rover,LR2,2016,Puce
5GNRNGEE8A8702625,Lexus,CT,1981,Puce
3FADP0L39AR042421,Ferrari,F430,1933,Maroon
5TDDK4CC4AS957318,Suzuki,X-90,1951,Red
3D73Y4EL1AG043992,Mercedes-Benz,G-Class,1982,Pink
1N6AA0EC1EN392448,Pontiac,Grand Am,1932,Mauv
SCBBB7ZH8FC299753,Nissan,Sentra,1990,Indigo
3N1AB6AP7BL736097,Chevrolet,Silverado 3500,1914,Puce
KL4CJFSB3EB814337,BMW,8 Series,1954,Orange
WA1VFAFL4DA429521,Chrysler,LHS,1962,Maroon
SALWR2VF3FA726598,Lotus,Evora,2014,Mauv
WBAPK5C54BA492748,Mercedes-Benz,SL-Class,2014,Khaki
SCFFDABE9CG443614,Chevrolet,Tahoe,1976,Goldenrod
2C3CCAAG3EH827245,Dodge,Dakota Club,1912,Maroon
1G4HH5E92AU910545,Volkswagen,Eos,1901,Fuscia
1GYS4UKJ0FR294704,BMW,X5,1942,Teal
JM1NC2PF9E0567320,Cadillac,Seville,1914,Fuscia
SALWR2VF7FA396271,Eagle,Talon,1987,Crimson
1YVHZ8BH3D5329241,Chevrolet,Lumina,1911,Purple
5FRYD4H23GB948665,Dodge,Caliber,1907,Crimson
1G4GF5G30FF842543,Maserati,GranSport,1954,Crimson
1C3BCBFG9CN420447,Kia,Sedona,1949,Fuscia
TRUTC28N251854107,Mercedes-Benz,CL-Class,1942,Orange
KNALN4D79E5624285,GMC,Yukon XL 2500,1942,Purple
1FMJK1FT4FE320643,Porsche,928,1913,Pink
2G4GR5EC2B9651137,Dodge,Grand Caravan,1903,Khaki
5UXZW0C53BL004895,Acura,Integra,2009,Red
1N6AA0CH3FN376963,Jaguar,XJ Series,2019,Puce
WAUMK78K19N718342,Plymouth,Voyager,1922,Violet
2C3CCAAG2FH986789,Toyota,Tundra,1947,Violet
WBAPN7C5XBF155846,Dodge,Stratus,2020,Fuscia
SCFEBBAK7CG358303,Ford,Econoline E150,1961,Yellow
2G61S5S36E9049917,Cadillac,Seville,1947,Indigo
4T1BD1FK3FU214764,Mercedes-Benz,E-Class,1956,Violet
1FTEW1CW7AF830321,Volkswagen,Fox,1965,Teal
1C4RDHAG2FC274698,Rolls-Royce,Phantom,1900,Maroon
2FMDK3AK9CB537684,Porsche,Cayenne,2016,Yellow
1G4GC5EC3BF454714,Ford,Aerostar,1963,Mauv
JH4KA96504C317146,Volkswagen,Jetta,1960,Turquoise
WAUWFAFH6BN734463,Acura,SLX,2020,Goldenrod
WAUAH94F96N756824,Dodge,Viper,1993,Maroon
1GYS3UKJ4FR886531,Ford,Taurus,1978,Mauv
1FMCU9E71AK055356,Isuzu,Hombre,1928,Teal
1G6DV57V980919799,Honda,Prelude,1928,Maroon
ZHWGU6AU5CL964563,Lexus,GX,1952,Fuscia
1G4PS5SK0D4089082,Jeep,Cherokee,1991,Khaki
WP0AB2A94BS561896,Lexus,ES,1953,Indigo
2G4GU5GVXC9491765,Chevrolet,Prizm,2022,Turquoise
1FMJK1H53EE450989,Pontiac,Firebird,1902,Mauv
NM0AS8F79E1149717,Pontiac,Tempest,1934,Orange
WAUFEAFM2AA869381,Chevrolet,Suburban 2500,1979,Purple
WAUDT48H16K087752,Suzuki,Kizashi,2018,Violet
JA4AS2AW9AZ515051,Volkswagen,Touareg,1930,Blue
WP0CB2A8XFK909819,Audi,S6,1980,Fuscia
WAUWFAFL2BA604692,Ford,F350,1922,Indigo
WBAUP7C55AV504557,Toyota,T100,1944,Indigo
5TDDK3DC8BS925403,GMC,Yukon XL 2500,2017,Aquamarine
WBAYB6C56ED660922,Pontiac,Grand Am,1939,Pink
5N1AR1NB1CC889352,Dodge,Ram Van 3500,1951,Red
1G6AW5SX5E0844958,Chevrolet,Express,2007,Purple
KMHTC6AD6DU953492,BMW,325,2010,Aquamarine
WP1AB2A20FL665784,Volkswagen,Golf,2011,Pink
TRUSC28N031832471,GMC,Sierra 3500,1938,Purple
WAUDFAFC9CN761797,Mitsubishi,Diamante,1964,Maroon
WUAUUAFG8BN710675,Buick,LeSabre,2020,Blue
4A4JM2AS0AE138087,Honda,Ridgeline,1967,Red
JN8AZ2KR9DT807823,BMW,Alpina B7,1958,Crimson
3C6JD7EP9CG024117,Acura,ZDX,1955,Green
KMHTC6ADXCU717913,Chevrolet,Camaro,1977,Pink
3D4PG4FB7BT368405,Chevrolet,Tahoe,1994,Green
WVWBN7AN1FE143550,Lamborghini,Diablo,1948,Blue
YV1672MK0B2210791,Saab,9-5,2019,Goldenrod
WBAEN33405E249073,Mazda,CX-7,1927,Aquamarine
4T1BD1FK7EU608069,Toyota,Prius,1942,Crimson
3VW1K7AJ3CM935736,Saab,9000,1922,Goldenrod
1FTEW1CF3FK248229,Saturn,L-Series,1994,Red
2G61W5S87F9044985,Mitsubishi,Eclipse,1944,Red
WBAGL63404D115930,Mazda,B-Series Plus,2016,Orange
2G61N5S30F9497160,GMC,Savana 3500,1977,Purple
WBAYF8C53ED036110,Nissan,Rogue,2014,Violet
4USBT53544L515232,Dodge,Stealth,1929,Teal
WAUDF98E68A659451,Mitsubishi,Pajero,1996,Purple
2HNYD28587H229772,Lexus,GS,1955,Teal
3VW467AT5DM793250,Chevrolet,Corvette,2010,Turquoise
TRUTC28NX11421984,Ford,Tempo,1983,Teal
5UXZV4C57DL895142,Mazda,626,1940,Fuscia
SCFHDDBT0EG356308,Dodge,Caravan,1940,Blue
WAUDF58E85A614404,GMC,Canyon,2022,Violet
JM3KE2BE0D0727795,BMW,645,1962,Blue
19UUA656X5A022721,Suzuki,X-90,1974,Crimson
WBANF73527C851193,Porsche,928,1909,Puce
3D73Y3CL6BG365719,Audi,A4,1943,Violet
2G4WF521331859115,Mazda,MX-3,2004,Pink
1G4GF5E35CF882552,Chevrolet,Prizm,1920,Khaki
WAUAFAFL3BN898378,Oldsmobile,Intrigue,1966,Goldenrod
1G4HR54K94U380340,GMC,Savana 3500,1989,Teal
KNAGM4AD3E5043962,Volvo,V70,1961,Turquoise
WBAUC73579V156767,Land Rover,Discovery,2022,Crimson
WBAEA53538C801570,Plymouth,Breeze,1992,Aquamarine
5TDBM5G15AS818444,Mercedes-Benz,300TE,1977,Green
JTHKD5BH0C2525676,Honda,Element,1951,Blue
SCFBF03B17G003920,Mercury,Cougar,1927,Indigo
YV1672MK8D2423930,Mitsubishi,Montero Sport,1935,Mauv
1GYS4MKJ2FR899923,Mercedes-Benz,SL-Class,1927,Fuscia
WDDGF4HB5ER915171,Jaguar,XK Series,2013,Violet
WBANA73585C998176,Dodge,Neon,1995,Turquoise
1G6AH5R31E0796985,Mitsubishi,GTO,2020,Fuscia
1G6AX5S39F0130732,Chevrolet,Tahoe,2010,Red
WAUML54B72N124447,Mercury,Mountaineer,2020,Indigo
WDDHF2EB8DA633049,Subaru,Impreza,1918,Violet
1FTSF3B50AE322009,Buick,Park Avenue,2013,Turquoise
WUARL48H67K457431,GMC,Vandura 2500,1987,Yellow
2HNYD2H25CH917504,Chevrolet,Uplander,1929,Orange
JM1NC2LF6C0937268,GMC,Yukon,1927,Pink
WDDJK7DA5EF410734,Land Rover,Range Rover,1963,Blue
1G4CU541254469300,Ford,Thunderbird,2003,Green
WAUJT68E34A665986,Jeep,Grand Cherokee,2007,Blue
JH4CU2E69BC313302,Ford,Crown Victoria,1943,Indigo
1N4AL3AP7DC022404,Pontiac,Grand Am,1900,Indigo
1N6AA0CJ5EN592668,Chevrolet,Caprice,1975,Purple
WAULT58E94A855620,Maserati,Spyder,1947,Red
WAUMGAFL0CA093795,Toyota,Sequoia,1902,Red
2HNYD2H8XDH571410,Maserati,GranTurismo,1925,Green
3VW507AT6EM841264,Dodge,Grand Caravan,1920,Violet
WAUAFAFL8AN129244,Toyota,Tacoma,2014,Teal
5FNRL5H27CB119056,Mitsubishi,Raider,1929,Mauv
SCBDR33W28C599084,Porsche,928,1938,Goldenrod
WAU4FAFL0BA157089,Chevrolet,Express 1500,1926,Khaki
WA1VMBFEXBD461138,Mitsubishi,Precis,1929,Indigo
WBA3B1C53FK566653,Subaru,Impreza,1907,Green
JTDKTUD39ED144433,Pontiac,Bonneville,1906,Maroon
3C6TD5FTXCG722180,Infiniti,Q,2008,Mauv
2V4RW3DG6BR276180,Jaguar,X-Type,1943,Mauv
KL4CJDSB4DB081668,Infiniti,G25,1946,Aquamarine
WBA3A9G54FN405769,Chevrolet,Astro,1958,Fuscia
WBAGK93431D725143,Pontiac,Torrent,1952,Maroon
1FTSW2A53AE497480,Mitsubishi,Eclipse,1996,Aquamarine
SCBLE37G85C053220,Mercedes-Benz,CLK-Class,1995,Purple
JN8AZ1FY1CW858399,Volkswagen,Rabbit,1901,Khaki
WAUFFBFL1CA774596,GMC,Yukon XL 1500,1972,Puce
WAUHFAFL8CA528910,Lexus,RX Hybrid,1906,Orange
KNDJN2A23E7694585,Ford,Thunderbird,1993,Mauv
1FTWW3A55AE686901,Mercury,Mariner,1917,Goldenrod
19UUA65564A345928,Chevrolet,Express 1500,1955,Purple
4F2CY0C75AK223140,Chevrolet,Avalanche,1937,Crimson
5J6TF1H36DL868776,Toyota,MR2,1991,Puce
2C4RDGBG9DR367344,Subaru,Outback,1947,Red
5GAKRAED2BJ965764,Scion,tC,1910,Red
1N6AA0CA3CN780232,Pontiac,Firebird Formula,2003,Turquoise
WAUDF98E95A825666,Chevrolet,Suburban 2500,2004,Violet
1G6DL5EV1A0946588,Mitsubishi,Mirage,1935,Blue
WAUAF68E05A551369,Volvo,C70,1913,Puce
3C63DRGL9CG618513,Infiniti,IPL G,1924,Purple
3C4PDDDG1ET849758,Land Rover,LR2,1924,Green
KMHTC6AD2EU750813,Mercury,Cougar,1973,Teal
19UUA75628A924452,Pontiac,Aztek,1915,Khaki
YV1672MC9AJ492118,Mitsubishi,Precis,1920,Crimson
1N6AA0ED8FN617166,Mazda,B2600,1991,Red
WAUGL78E38A662253,Saturn,Ion,1959,Orange
WAUDG98E26A958798,Mitsubishi,Montero Sport,1947,Indigo
WBA3B1C52DK837067,Kia,Amanti,1926,Crimson
TRUWT28N341942482,Chevrolet,2500,1948,Maroon
JN8AZ2NC6F9435400,Ford,Ranger,1995,Red
WBAYB6C5XED066737,Chevrolet,Cavalier,1948,Turquoise
3D73M3HL2BG822384,Lexus,SC,1927,Orange
3VW4T7AT0EM485817,Ford,Taurus,1980,Goldenrod
WAUEF78E78A360057,Geo,Prizm,1948,Maroon
WA1LKAFP8AA322490,Plymouth,Laser,1916,Orange
1N6AA0CJ9EN788192,Toyota,Xtra,2000,Puce
NM0KS9BN1AT346457,Chevrolet,1500,1949,Aquamarine
3D4PH1FG3BT083448,GMC,Sierra 2500,1994,Orange
1GYS4BKJ5FR211370,Volvo,C70,1970,Pink
1GD120EG3BF196094,Land Rover,LR3,1958,Violet
5UMDU93446L299813,Chevrolet,Beretta,2011,Purple
1G6DT57V680066784,BMW,525,1955,Indigo
3N1CN7AP6FL928543,Nissan,Versa,1969,Green
2T1BU4EE7DC417264,Chevrolet,Silverado,2018,Purple
WBAUL7C50AV258030,Dodge,Nitro,1934,Mauv
3GYFNCE32DS249067,Chevrolet,Suburban 1500,1996,Pink
1N4AB7AP0EN151231,BMW,X6 M,1940,Yellow
1D4PT2GK5AW940899,Pontiac,G6,1998,Pink
2B3CK4CV2AH914044,GMC,Jimmy,1944,Blue
5N1AZ2MH2FN787546,Nissan,Pathfinder,1917,Turquoise
3GYFK66N84G190720,Mercedes-Benz,M-Class,1977,Puce
JHMZE2H53DS077944,Acura,TL,1906,Blue
JTHBP5C27B5404285,Kia,Sedona,1905,Yellow
5UMDU93558L780536,Mazda,MX-5,1993,Turquoise
5N1AR2MM2FC756967,Lotus,Elise,1941,Aquamarine
3D73Y3CL5BG624605,Mercury,Grand Marquis,1951,Mauv
5GAKVBKD9DJ207624,Austin,Mini,1918,Green
1HGCP2E47AA924593,Infiniti,FX,1976,Yellow
JH4CW2H69EC384834,Audi,A6,1910,Turquoise
JN8AZ1MU3EW059677,Pontiac,Bonneville,1985,Orange
19VDE3F78EE862608,Ford,Mustang,1982,Purple
2T1BU4EE9DC088101,Ford,Ranger,1935,Mauv
3VWKP7AJ1CM239236,Ford,Ranger,1943,Turquoise
WBAFB33461L882440,Mitsubishi,RVR,1930,Puce
2C4RRGAG1DR765473,Porsche,Panamera,1915,Fuscia
5NMSG3AB5AH075249,Kia,Sephia,1900,Purple
SCBLE37G96C249958,Mercedes-Benz,S-Class,1927,Indigo
SAJWA6FC3E8693782,Lotus,Esprit Turbo,1956,Red
1FTSW2B50AE792325,Ford,Mustang,1994,Turquoise
WAUBFAFL6CA303598,Nissan,370Z,2011,Turquoise
4T1BF3EK0AU140624,Toyota,MR2,1992,Crimson
5LMJJ2H54CE760493,Honda,Accord,1967,Goldenrod
5TDBK3EH4AS021614,GMC,Savana 3500,1910,Purple
WBA3A9G59FN047911,Acura,MDX,1987,Fuscia
WVWGD7AJ5EW824020,Lincoln,Aviator,1960,Violet
1GYS4EEJ9CR413525,Mazda,MX-5,2003,Goldenrod
SALSF2D4XCA904249,Dodge,Caravan,1959,Red
5N1AR2MM4EC515555,Dodge,Dakota,1936,Mauv
SCFAD01A55G744211,Land Rover,Range Rover,1935,Aquamarine
WBAVC53527A438392,Lexus,GX,1941,Indigo
KMHFC4DD9BA518543,Nissan,Maxima,1927,Turquoise
WAUEL74F55N165585,Land Rover,Range Rover,1976,Indigo
1ZVBP8AM0C5713179,Aston Martin,Rapide,1993,Fuscia
3VW517ATXFM313662,Pontiac,Bonneville,1961,Indigo
5XYKT3A13DG537471,Dodge,Ram Van 3500,2013,Teal
WBAKA4C58BC684525,GMC,Savana 3500,1986,Violet
WAUBF98E88A112219,Chrysler,LHS,1935,Crimson
KNAFU6A20C5301941,Chrysler,300,1957,Turquoise
WAUDFAFL1DA156052,Honda,CR-Z,1981,Goldenrod
1GD11ZCG9DF836466,Audi,riolet,1907,Turquoise
5TDDCRFH4ES922527,BMW,X3,1906,Fuscia
JTDJTUD36ED936891,Audi,S6,1986,Blue
WAUDFBFLXAN800593,BMW,X5,1901,Goldenrod
1GD422CG0EF534311,Chevrolet,TrailBlazer,2005,Teal
5NPEB4AC3CH897273,Lamborghini,Diablo,1972,Turquoise
5FRYD4H68EB239102,Ford,Taurus,1917,Aquamarine
5N1AN0NU0EN371330,Chevrolet,Classic,1966,Puce
WAUSGCFC8CN691192,Lexus,LS,1952,Teal
5XYZT3LB6FG095065,Ford,Escort,1945,Green
WAUBH78E17A992726,Saab,900,1927,Blue
JA32U2FU1DU609081,Volvo,V50,1993,Khaki
WAUWG74F09N794041,Audi,A4,1963,Aquamarine
WAUDG74F95N779054,Ford,F450,1956,Puce
1GYS4EEJ4CR182078,Ford,Econoline E350,1986,Turquoise
JHMZE2H58AS610737,Dodge,Spirit,1915,Fuscia
SCBCU7ZA2BC410583,Mitsubishi,Chariot,1990,Pink
WBADW7C53BE213558,Honda,Insight,1951,Fuscia
JN1CV6EK5BM677832,Porsche,Panamera,2001,Violet
WAUMFBFL5BN984195,Suzuki,Vitara,1983,Yellow
WAUDF98E85A656577,Mazda,Familia,2016,Green
WAUEH78E56A632628,Toyota,RAV4,1910,Maroon
WBAWL135X7P804738,Suzuki,Sidekick,1972,Yellow
WBAAX13425P309386,Ford,Taurus,1935,Mauv
1G6DJ5EY1B0374360,Kia,Spectra,1974,Fuscia
WAUGF78K49A314251,Jaguar,XK,1941,Violet
WAUR4AFD2DN212612,Hyundai,Accent,1984,Mauv
WVWED7AJ1DW234080,Mazda,B-Series Plus,1980,Maroon
1GD11ZCGXBF863530,Suzuki,Swift,1974,Crimson
WA1GFCFSXFR495278,Toyota,Sienna,1901,Orange
1D7CW2GK1AS240944,Dodge,Ram 2500,1968,Orange
WDBWK5JA0BF364717,Mitsubishi,Pajero,1953,Aquamarine
4T1BK1EB0FU191029,Isuzu,i-370,1978,Blue
WAUKH74F06N378353,Kia,Sportage,2019,Yellow
WBAWV1C56AP487588,Subaru,Impreza,2013,Indigo
JTMHY7AJXB5870257,BMW,M5,1987,Yellow
YV4902DZXE2695432,GMC,Yukon,1910,Violet
1C4RDJDG5DC373855,Lincoln,Continental,1933,Fuscia
3C6TD4HT2CG742902,Mazda,MX-5,1935,Indigo
JN8AE2KP0D9705088,Pontiac,Aztek,1932,Teal
WP0AA2A9XFS124669,GMC,Suburban 2500,1906,Puce
JM3ER2A52C0154481,Dodge,Neon,1926,Goldenrod
1G6AX5S3XF0404472,Toyota,Previa,1952,Pink
WAUDFAFL2BA674359,Ford,Mustang,1966,Purple
KMHHU6KJXFU581648,Hyundai,Sonata,1908,Fuscia
3GYT4LEF9DG587794,Chevrolet,Camaro,1948,Puce
YV4852CT2A1999185,Volvo,XC90,1961,Aquamarine
137ZA90371E380433,BMW,1 Series,1989,Puce
1C3CCBBB2DN247838,Mazda,929,2018,Teal
WAUML44E26N945739,Subaru,Loyale,2011,Maroon
3C6LD5BT6CG992092,Honda,Prelude,1985,Green
WAUSH98E17A652696,GMC,2500 Club Coupe,1962,Blue
5TDDK3DC6DS224085,Land Rover,Defender 90,1978,Goldenrod
3N1BC1AP9AL385339,Audi,Cabriolet,1944,Teal
JHMZF1C61CS103348,Buick,Coachbuilder,1934,Teal
2G61V5S83F9319383,Suzuki,Swift,1955,Khaki
JTDKTUD34ED196245,Ford,F350,1981,Purple
KNAFK4A66E5459622,Dodge,Caravan,1973,Crimson
JH4DC54825S986065,Honda,CR-V,1944,Yellow
SCFFDAAM9DG137328,Dodge,Ram Van 2500,1979,Crimson
SCBCU8ZA4AC866217,Jaguar,X-Type,1947,Fuscia
1G6AR5SX8E0608330,Hyundai,Sonata,1956,Pink
SALAB2D44AA346919,Hyundai,Accent,1955,Purple
JTHBE5C22A5318905,Cadillac,Catera,1979,Blue
WBA3B5C54DP983786,Mitsubishi,Mighty Max,1983,Red
5UMDU93437L441425,Volvo,V70,2003,Violet
1GYS3GEF1CR340211,Land Rover,Range Rover Sport,1903,Crimson
2G4WC582071517829,Lexus,IS,2016,Blue
WAUDG78E76A388544,Toyota,Paseo,1922,Red
WBA3B9C57DF776306,Kia,Sephia,1947,Violet
1GYS3FEJ2DR088310,Subaru,XT,1948,Violet
SCBCR73W88C023146,Chevrolet,Traverse,1944,Fuscia
1N4AL3AP3DC430303,Chevrolet,Express 2500,1956,Pink
2C4RDGBG9FR404220,Toyota,RAV4,1940,Orange
JH4DC54855S414102,Ford,Crown Victoria,1944,Pink
JH4KC1F77EC155675,Plymouth,Laser,2016,Green
YV1952AS6E1657613,Dodge,Ram 3500 Club,1965,Maroon
2C3CDXDT3DH503039,Nissan,Frontier,1938,Khaki
JN1BJ0HP4DM625266,Honda,Accord,1968,Goldenrod
1G4HP54K71U396991,Jeep,Wrangler,2003,Puce
5FRYD3H24GB463784,Mercury,Grand Marquis,1962,Aquamarine
1YVHZ8BH3A5641491,Suzuki,Forenza,1932,Fuscia
WAUDL94FX5N809329,Hummer,H1,1975,Yellow
WBAUP3C59BV850444,Acura,CL,1931,Puce
WBAUT9C54CA781430,Plymouth,Neon,2010,Turquoise
5N1AT2MK7FC574424,Ford,Thunderbird,1953,Crimson
WAUJGAFC5DN086614,Mazda,RX-7,1944,Goldenrod
WAULT58E95A978903,Buick,Park Avenue,1933,Crimson
WAUVT54B32N732566,BMW,M3,1952,Turquoise
1G6KF549X5U746620,Pontiac,Sunfire,2011,Crimson
3VW1K7AJ0DM365857,Chevrolet,Suburban 1500,1944,Maroon
4T1BD1EB8DU683010,Toyota,Highlander,1978,Aquamarine
3C6TD4CT6CG410016,Pontiac,LeMans,1989,Fuscia
WBA6B4C57ED107417,Toyota,RAV4,1972,Teal
JTDJTUD35DD602396,Volkswagen,Fox,1952,Green
1FTSW3A51AE455668,Cadillac,Allante,1973,Violet
WBAEB53588C050933,Dodge,D350,1985,Aquamarine
2T1BU4EE3DC969392,Kia,Borrego,1915,Yellow
1FMCU9E70AK788580,Pontiac,LeMans,1951,Fuscia
3D73M3CLXAG507502,Maserati,GranTurismo,1911,Turquoise
WBALW3C53EC070695,Cadillac,Escalade ESV,2002,Aquamarine
1GYS4CKJ9FR160297,Lexus,SC,1975,Red
JH4CU2F87CC876253,Mercury,Cougar,1937,Indigo
WBA3A5C52DJ738605,Subaru,Forester,1913,Green
1C4NJCBA0DD097306,Porsche,Cayenne,1935,Maroon
JTDKN3DU5F0519739,Pontiac,Bonneville,1903,Teal
WBA3B5C58EP032802,Nissan,Rogue,1918,Indigo
WBAEH13496C664420,Chevrolet,1500,1927,Violet
19UUA56962A950072,Cadillac,Escalade ESV,2015,Pink
WVWAP7AN6EE776436,Saturn,Relay,1949,Green
3N1CN7AP9DL467514,Dodge,Viper,1968,Orange
1N6AA0CA8EN067605,Kia,Optima,1955,Indigo
SCBLC43F45C512350,Chevrolet,Malibu,1916,Pink
JTDKDTB37D1424426,Chevrolet,Silverado 2500,2009,Maroon
WBA3C3C52EK414158,Volkswagen,Jetta,1979,Blue
WAUDV74F19N085390,Lexus,LS Hybrid,1905,Fuscia
3GYFNEE3XES517487,Toyota,Tacoma,1920,Goldenrod
3C6JR6CT7DG644526,Hummer,H1,2008,Turquoise
1G6ET12901B329983,Land Rover,Discovery,1924,Puce
2C3CDZBT2FH126849,Volkswagen,New Beetle,1932,Purple
5NPDH4AE7DH019973,Land Rover,Range Rover,1911,Blue
JTHDL5EF0F5963882,Ford,Escort,1968,Mauv
1G4CW54K734752534,Land Rover,Range Rover,1974,Red
WAUDK78T08A842679,Maserati,Spyder,1970,Blue
WBANB33535C356955,Pontiac,Parisienne,2021,Crimson
1FTEW1CF8FF088776,Pontiac,Grand Prix,1966,Violet
JH4KB2F66CC485398,GMC,Safari,1903,Purple
3GYFNAE39CS368883,Mazda,CX-9,1942,Yellow
KNAFU6A21C5969442,Chrysler,300M,2006,Orange
WAUPEAFM9DA546681,Honda,Element,1916,Teal
JH4KB26529C972582,Ford,Fairlane,2002,Crimson
1G6AC5SX3F0363228,Kia,Amanti,1989,Maroon
WAUUFAFH9DN210301,Land Rover,LR2,1970,Purple
SALVP2BG0FH453478,Saab,9000,2005,Indigo
KNAFU5A27C5566107,Mercedes-Benz,W201,1943,Yellow
KMHFG4JG3EA770425,BMW,3 Series,1953,Goldenrod
1FTSW3B5XAE078580,Mazda,929,2015,Purple
JN1CV6EK8BM439599,Mercedes-Benz,SL-Class,1955,Orange
3VWC17AU9FM051374,Cadillac,DeVille,1955,Aquamarine
KMHHT6KD6EU264932,Isuzu,Trooper,1936,Maroon
NM0KS7AN9AT783709,Chevrolet,Tracker,1990,Maroon
3FAHP0DC0AR315178,Cadillac,DeVille,1946,Aquamarine
WDDGF5EB5AF799752,Pontiac,Sunfire,1905,Indigo
2C3CDXL90FH074872,GMC,Rally Wagon 2500,1936,Violet
5UMDU93406L010913,Audi,A6,2002,Violet
3D7TT2CT8AG539989,Buick,Reatta,1991,Maroon
WA1BY74L29D680143,Mercury,Grand Marquis,1926,Mauv
JHMFA3F22BS201003,Nissan,Armada,1903,Yellow
WA1MMBFEXAD741667,Volvo,XC90,1969,Violet
3GYFNGE3XFS168182,BMW,5 Series,1938,Green
SCBDC47L19C096025,Mercury,Marquis,1960,Yellow
1G6KE54Y82U213459,Maserati,Quattroporte,1999,Fuscia
3D7TP2CT2AG488493,Chrysler,Town & Country,2010,Red
WBAYA8C59DD689862,Audi,S6,1991,Violet
1FTWW3B50AE201384,Oldsmobile,Aurora,1959,Fuscia
WAUDG78E96A788797,Chevrolet,2500,1938,Khaki
5N1AA0NC8CN869047,Mercedes-Benz,SLK-Class,1997,Teal
1N6BF0KMXFN538513,GMC,Savana 2500,1937,Puce
WAUBVBFB7BN537711,GMC,Sierra,1934,Teal
KM8JT3ACXAU334760,Toyota,MR2,1971,Mauv
WBAVB33516P631409,Porsche,Boxster,1968,Goldenrod
1G6DK8E35C0681650,Mercury,Capri,1972,Pink
3GYFNGEY3AS792930,Mitsubishi,Endeavor,2022,Fuscia
WAUVFAFHXDN337787,Chevrolet,Tahoe,1971,Khaki
KMHEC4A47FA098822,Mazda,B-Series,1905,Puce
1GYS4DEF2CR300098,Volvo,850,1959,Aquamarine
19UYA42713A118608,Dodge,Avenger,1968,Indigo
1B3AZ6EZ8AV862103,Lincoln,Town Car,1947,Green
WAU2GBFC9CN553686,GMC,Vandura 3500,1920,Goldenrod
5UXXW5C58F0907782,Hyundai,Genesis,1966,Indigo
1G6AE5S36D0945795,Volvo,C70,2022,Indigo
WAUEH98E26A895025,Toyota,Solara,1915,Teal
3VWF17AT2FM161722,Nissan,Quest,1926,Maroon
WAUUL78E18A360138,Toyota,Previa,1939,Crimson
1HGCR2F34FA621116,Mercedes-Benz,G-Class,1958,Turquoise
1G6DF8EG5A0600506,Mitsubishi,Pajero,2017,Indigo
5N1AT2MK5FC424022,Ford,E250,1937,Pink
1GYS4GEF2CR730442,Nissan,Altima,1986,Crimson
WP1AA2A20EL821145,Buick,Estate,2013,Puce
JH4KB16607C116780,Dodge,Ram,1916,Goldenrod
19UUA75588A208095,Subaru,XT,1926,Mauv
2G61T5S36E9342455,Mazda,CX-5,1971,Fuscia
1D7RV1CP0BS909344,BMW,M5,1954,Mauv
1G4HF57959U317597,Dodge,Ram 2500,2007,Mauv
SCFAB01E09G231768,Dodge,Ram 3500,1988,Maroon
3VW4A7AT3DM645077,Chevrolet,Sonic,1936,Crimson
YV1902FHXD2696371,Nissan,Armada,1958,Turquoise
1G6DN57S050680418,Volkswagen,Golf,1915,Orange
WAU4FAFR1BA978822,Chevrolet,Camaro,1939,Yellow
1N6AD0CW3EN840645,Ford,Escort,1942,Aquamarine
SCBBR93W28C095127,GMC,Safari,1963,Puce
2FMGK5BC3AB382532,Mercedes-Benz,G-Class,2004,Yellow
1G4GA5ER2DF670258,Chrysler,PT Cruiser,1930,Fuscia
1G6DA1ED4B0014165,GMC,Vandura G3500,1958,Pink
1G4HP54K44U727286,Buick,Special,1998,Crimson
5GAKRBKD3DJ157288,Pontiac,Safari,1944,Red
JHMZE2H75ES331995,Dodge,Grand Caravan,1909,Khaki
SCBCR63WX5C820200,Lexus,LX,1947,Aquamarine
WBADX7C58BE880977,Maybach,62,1918,Red
3D73M3CL6BG780051,Dodge,Ram 1500 Club,1920,Green
5GALVCEDXAJ805769,Dodge,Stratus,1921,Khaki
JN8AZ1FY2CW056623,Mitsubishi,Montero Sport,2020,Goldenrod
19VDE1F51DE908166,Volkswagen,rio,1989,Pink
WAUDH94F16N850595,GMC,Safari,2016,Purple
WBA3V9C52FP961884,Peugeot,207,1923,Red
3LN6L2LU6ER312273,GMC,Sierra 1500,1935,Mauv
SALFR2BN3BH264993,Ford,Expedition,1999,Orange
SCFFDABM5DG485075,Acura,RDX,1929,Puce
JH4DC53002C958945,Hyundai,Sonata,1979,Pink
WBAAX13485P554838,Jeep,Patriot,1942,Pink
WVWED7AJ0CW216409,BMW,Z4 M,1945,Green
WBAEU33482P335475,Bentley,Mulsanne,1923,Khaki
WBA3A5G56CN299099,Dodge,Ram Van B150,1910,Blue
5FRYD3H66FB540334,BMW,M Roadster,2010,Indigo
WBANW53599C783871,Audi,TT,2019,Blue
5NPDH4AE7CH187613,Cadillac,CTS,1905,Aquamarine
WAUJT64B94N697412,Chrysler,300M,1993,Maroon
1GYS3KEF8ER618088,Pontiac,Grand Am,1913,Red
KNALW4D48F6907923,Cadillac,Fleetwood,1971,Purple
WAUAH74F88N474858,Chrysler,300M,2002,Yellow
1G6DE5EY6B0010861,Nissan,Pathfinder,2002,Fuscia
KL4CJFSB0EB078070,Ford,Mustang,1917,Indigo
5N1AT2MK1FC990467,Oldsmobile,Cutlass Supreme,1925,Teal
WBAET37492N035940,Lotus,Esprit Turbo,1989,Khaki
WBA3R1C51EK869439,GMC,Yukon,1941,Aquamarine
WAUEH94F07N318051,Lexus,ES,1908,Khaki
WA1WMAFE0AD265819,Mercedes-Benz,W123,2008,Turquoise
SCBGU3ZA0FC089854,Chevrolet,Suburban 1500,1963,Turquoise
5LMJJ2J51EE081102,Chevrolet,Camaro,1968,Aquamarine
4T1BF1FK8EU187683,Scion,xD,1960,Fuscia
JN1CV6FE3BM844214,Chevrolet,Impala,2001,Green
YV440MBC8F1585653,Mitsubishi,Outlander,1918,Orange
WBS3C9C5XFJ412423,Acura,Integra,1993,Green
1G4PN5SK4C4813846,Pontiac,Torrent,1928,Teal
2HNYD18883H390038,Mitsubishi,Eclipse,1935,Crimson
JN8AE2KP8E9730581,Saturn,VUE,1901,Aquamarine
3LNDL2L31BR914704,Dodge,D250,1931,Indigo
1FMJK1G51DE647787,Dodge,Dynasty,2005,Mauv
5J6TF2H51DL842237,Mazda,929,2005,Fuscia
WAUEL94F45N666110,Infiniti,M,1917,Red
1GD22ZCG0CZ223974,Chevrolet,Corsica,1963,Fuscia
3GYFNEE32DS043159,Cadillac,Escalade ESV,1981,Indigo
3VW8S7AT0FM508602,Oldsmobile,Ciera,1931,Pink
WBAUN7C53DV271966,Isuzu,Ascender,1980,Fuscia
1FTSX2B57AE974309,Cadillac,XLR,1964,Pink
5NPDH4AE8DH388454,Dodge,Dakota,1925,Mauv
1G6KH5EY9AU439577,Chevrolet,Malibu,1985,Turquoise
SAJWA4GB4EL538262,Mercury,Tracer,2006,Pink
SAJWA4FB6EL454784,Honda,CR-V,1961,Crimson
WBANV13548C254693,Porsche,Cayenne,1932,Khaki
JN1AZ4EH7CM445366,Chevrolet,Express 1500,1939,Violet
5N1AT2ML5EC649757,Volvo,S40,1952,Puce
JN8AS5MT2BW840902,Volkswagen,Jetta,1907,Khaki
1G4HP57M39U169614,Jeep,Grand Cherokee,1930,Turquoise
SCBZK25E33C156105,Hyundai,Veracruz,1996,Crimson
1C4RDHEG2DC574376,Aston Martin,DBS,2021,Orange
3VWKX7AJ2BM406332,Mitsubishi,3000GT,1998,Yellow
1FTEW1CM7DK003526,Saturn,Relay,1978,Turquoise
SALVN2BGXEH356048,Hummer,H2 SUT,1927,Purple
WAUEV94F88N994659,Honda,Odyssey,1954,Turquoise
1C3CDZEG6CN546471,Mercedes-Benz,R-Class,2021,Violet
1G6AG1RX1F0615867,Mercedes-Benz,E-Class,1995,Purple
1GYFK43539R340698,Chevrolet,Monte Carlo,1912,Yellow
WAUGGAFC4CN005028,Hyundai,Tucson,1954,Crimson
1G6DW677250134783,Pontiac,Tempest,1913,Purple
2G61S5S38E9042662,Ford,F250,1918,Indigo
5GNRNJEE4A8688767,Volvo,960,2010,Crimson
WAUVFAFR5DA149338,GMC,2500,1968,Fuscia
4T3BA3BB5EU504231,Dodge,Ram 3500,1931,Violet
WAUAH98E08A919940,Mercedes-Benz,SLK-Class,1982,Violet
WBANA53565C583409,Mercedes-Benz,M-Class,1948,Mauv
3GYFNJE66BS475639,GMC,Yukon XL,1953,Goldenrod
WBASN0C53DD030011,Lincoln,Mark VIII,2022,Green
JN1CV6EK9CM398658,GMC,Sierra 1500,1977,Mauv
WAU3MAFDXFN515047,Mercedes-Benz,S-Class,1906,Maroon
WAUDGAFL8DA003701,Mercury,Mariner,1922,Orange
SCBLC31E61C536843,Lincoln,MKT,1986,Teal
5GADX33L36D898598,Cadillac,XLR-V,1973,Fuscia
JM3TB2CA2E0157874,Mitsubishi,Endeavor,1994,Mauv
3D7JV1EPXBG482918,Dodge,Caliber,2015,Maroon
1HGCP2F37CA839052,GMC,Vandura 2500,2012,Red
WBA5A7C56FG724128,Mercury,Grand Marquis,1964,Turquoise
55SWF4JB3FU880491,Volvo,XC70,1963,Teal
SAJWA6BUXF8249931,Honda,Civic Si,1941,Turquoise
2C3CDXDT9EH555597,Mazda,Mazda6,1979,Crimson
WBAUP9C51CV043470,Honda,Accord,2008,Green
1GYS3CEF8DR290529,Pontiac,LeMans,1909,Goldenrod
KNAFZ6A33F5891471,Dodge,Dakota,1925,Mauv
WBAGN63432D646921,Ford,Contour,2000,Mauv
WAUGFAFCXDN115618,Volkswagen,Eos,2013,Green
WAUXD68D12A223140,Lincoln,Town Car,1978,Khaki
WAUCVAFR0AA106791,Chrysler,Sebring,1957,Purple
WBAVC53527F202702,Acura,NSX,2020,Goldenrod
4T1BF1FK5CU723986,Scion,xB,1922,Teal
2HNYD18756H318838,Mazda,Mazdaspeed 3,1921,Blue
5J8TB1H29CA254583,Saab,9-5,1917,Khaki
JTHBE1KS9B0314004,Pontiac,Firebird,1967,Violet
WBAWB73517P565635,GMC,Yukon XL 1500,1937,Crimson
SALVP2BG1EH481014,Mazda,MX-3,1986,Pink
1C3BCBGG9CN285761,Volvo,S60,1990,Indigo
3VW517AT5FM141220,Mercury,Grand Marquis,1947,Khaki
1G6AU5S82F0521273,Cadillac,STS,2003,Orange
WAUPL58E84A653725,Suzuki,Esteem,1918,Teal
1GYEK63N15R293608,Chevrolet,Express 2500,1901,Indigo
JHMZE2H54AS798821,BMW,Z4,1917,Teal
KM8JT3AB9DU317797,Lexus,SC,1938,Purple
2T1BPRHE0FC618197,Land Rover,Discovery,1978,Mauv
KMHTC6AD0CU833248,Chevrolet,Corvette,1901,Fuscia
5UXFG8C57BL833807,Mercury,Mountaineer,1912,Khaki
2T3BF4DV9CW817973,Kia,Sorento,1956,Purple
SAJWA4DCXEM199689,Cadillac,Escalade EXT,1999,Teal
JH4DC43621S997779,Hummer,H1,1906,Khaki
5UXFG43549L925489,GMC,Vandura 3500,1946,Puce
19UUA9F77DA186208,Scion,tC,2019,Maroon
1N6BF0KL2FN039891,Toyota,Sequoia,1961,Pink
SCBCU8ZAXAC916571,Nissan,Xterra,1983,Teal
WBASP4C51AC968575,Dodge,Charger,1998,Maroon
5UXWX7C5XE0899302,Peugeot,207,1989,Pink
5UXFA53552L441666,Nissan,Pathfinder,1932,Green
1FMCU0C78AK944220,Smart,Fortwo,2018,Yellow
JTHKD5BH4D2692334,Isuzu,Axiom,1937,Indigo
JH4CL96937C600923,Lexus,GX,1965,Turquoise
1GD312CGXEF659847,Lincoln,Navigator L,1929,Khaki
WBSBL934X4J974354,Mercedes-Benz,E-Class,1951,Pink
1GYFC13219R068248,Acura,TSX,1955,Purple
19UYA42413A903314,Mazda,323,1998,Pink
1G6DN57S840487464,Mitsubishi,Tredia,1904,Violet
WAUJC58E94A034461,Suzuki,Vitara,1982,Aquamarine
KL4CJASB2FB609399,Lexus,GS,1976,Mauv
SCBCR7ZA5AC766588,Lotus,Elan,1959,Fuscia
WBSBL93412J226685,Hummer,H1,1969,Khaki
SAJWA4DC1BM033847,Cadillac,Seville,1969,Puce
1LNHL9DK5FG154547,Lexus,SC,1934,Turquoise
WAUHFBFL9AN645066,Toyota,Camry Hybrid,1900,Indigo
WBAYP9C55ED459113,Buick,Riviera,1925,Teal
2G61T5S3XE9717991,Buick,Lucerne,1993,Red
WBA3N5C57EF506140,Volkswagen,Phaeton,1906,Mauv
WAUAVAFD6CN118242,Chevrolet,Corvette,1953,Mauv
JTJYWRBZ4F2710739,Toyota,Xtra,1972,Indigo
WBSBL93466P667991,Infiniti,FX,1920,Red
WA1WMAFE4BD109137,Chevrolet,Corvette,1938,Mauv
3GYFNBE36CS357815,Plymouth,Sundance,1968,Green
JTDKTUD32DD438237,Dodge,Ram 1500 Club,1900,Indigo
1FTWX3A53AE334252,Audi,80/90,1932,Mauv
KMHHT6KDXDU371142,Oldsmobile,Bravada,1992,Mauv
JTHKD5BH1E2631024,Mercedes-Benz,E-Class,1973,Blue
WAUET48H75K528691,Porsche,928,1990,Blue
5FPYK1F57EB294678,Ford,Mustang,1939,Khaki
1G6DP5ED7B0578821,BMW,X5,1974,Blue
2G4WC582491790033,Pontiac,Sunbird,1935,Purple
SCFEBBACXAG002319,Hyundai,Tiburon,1923,Puce
SCBDU3ZAXCC892752,Buick,Lucerne,1989,Khaki
WAUFGBFB0AN108307,Mitsubishi,Chariot,1931,Aquamarine
WBAKE3C55CE217308,Honda,Pilot,1999,Indigo
5UXFG83559L477125,Ford,Taurus,1951,Green
WBALW3C51DC797056,Hyundai,Entourage,1910,Turquoise
WVGAV7AX4FW363090,Chrysler,Voyager,1959,Goldenrod
1G6KS54Y42U488884,Dodge,Caravan,1971,Teal
4T3BK3BB8FU762290,Hyundai,Santa Fe,1973,Aquamarine
1N6AD0CU1DN791894,Toyota,Tacoma Xtra,1992,Khaki
SCFEDCAD6AG992118,Cadillac,XLR,1907,Blue
1C6RD6FK1CS618693,Toyota,Sequoia,2017,Goldenrod
4JGDF2EE0EA941509,Nissan,Quest,1929,Crimson
1GYUCKEF6AR476231,Ford,Escort,1999,Turquoise
WAUMGAFL8BA145723,Mazda,B-Series Plus,2003,Green
YV1612FH1D1901498,Isuzu,Amigo,2000,Fuscia
1D7RB1GT3BS394338,Buick,Lucerne,1955,Green
2HNYD18693H716802,Pontiac,Grand Prix,1981,Blue
WBA3B5C55EF932028,Ford,E350,1995,Crimson
5N1AA0NC0CN978554,Infiniti,FX,1931,Indigo
SCFEBBAK2CG767535,Dodge,Caravan,1958,Goldenrod
WAUXD68D41A035307,Ford,Contour,1959,Puce
1C6RD6PT7CS490659,Ford,Mustang,1954,Turquoise
1B3CB9HA1AD285280,Chrysler,LHS,1955,Yellow
1G6DE5E5XC0050626,Ford,F150,1971,Aquamarine
JN8AE2KP8B9570729,Porsche,Cayman,2010,Violet
WBAEV534X4K077355,GMC,Savana 1500,1908,Violet
1FTEX1CW4AK427949,Mercury,Grand Marquis,2011,Fuscia
WBAYA8C51ED020101,Ford,LTD Crown Victoria,1937,Puce
WBALL5C53DJ467998,Chevrolet,Cobalt,1940,Blue
4T3BK3BB2FU493221,Ford,Explorer,2008,Orange
WBSBR93412P547220,Chevrolet,Malibu,1939,Crimson
WAUPEBFM1CA891076,Kia,Sedona,1968,Mauv
137FA84341E598482,Mitsubishi,Lancer,1967,Puce
5N1AA0NC0FN731233,Buick,Electra,2003,Turquoise
2HNYD18862H300075,Ford,Mustang,1996,Fuscia
1GYS3JEF8CR010403,Ford,F-Series Super Duty,1917,Crimson
1G4GG5E34DF832787,Audi,100,1975,Green
KNDPB3AC2F7398038,Chevrolet,Silverado 1500,1948,Mauv
3GYT4LEF8CG436069,Geo,Tracker,1938,Turquoise
WBAGL634X4D844565,Nissan,Sentra,1939,Crimson
WA1YD54B65N711772,Chevrolet,Cobalt,1993,Green
5N1AZ2MH4FN684161,BMW,Z3,2007,Turquoise
WAUGFAFC5FN167290,Saab,900,1911,Aquamarine
1VWAS7A3XFC023404,Hyundai,Elantra,1936,Orange
JTJBC1BA0B2866085,Chevrolet,Beretta,1984,Purple
5N1CR2MM7EC969324,Nissan,Quest,1957,Pink
1C4NJPBA4ED079660,Buick,Lucerne,1941,Mauv
JTDKTUD38DD452384,Plymouth,Colt,1932,Yellow
5J8TB3H32FL498976,Mitsubishi,Galant,1976,Crimson
JHMZF1C69FS135002,Buick,Century,2010,Goldenrod
1G6DS5E32C0396273,Toyota,MR2,2012,Crimson
1C3BC1FB0BN636801,Honda,Prelude,1910,Maroon
WAULFAFR5AA589515,Scion,xD,1969,Yellow
JN1CV6AP7BM418731,Mercedes-Benz,SL-Class,1912,Violet
4A4JM2AS4BE413851,Toyota,Camry Solara,2001,Blue
JH4CU2F68BC768995,Jaguar,XJ Series,1950,Orange
SCFFDABE6CG549857,Buick,Park Avenue,1952,Indigo
WAUDFBFC8CN816679,Mitsubishi,Endeavor,1930,Pink
3D73M3CL1BG710909,Lamborghini,Countach,2001,Yellow
WAUJC58E83A807953,Chevrolet,Colorado,1936,Blue
WAUEFAFL0EA374280,Dodge,Stratus,1956,Puce
JN8AZ2KR9CT166929,GMC,Sonoma,1957,Aquamarine
5UXFH0C56AL779414,Volvo,S80,1993,Purple
1D7RW2BK7BS218367,Toyota,Tacoma,1926,Yellow
WBA3B1C58FK096426,Chrysler,LHS,1968,Maroon
19XFB2E55DE581903,Volvo,XC90,1985,Maroon
5NMSG3ABXAH252104,Pontiac,Trans Sport,1990,Indigo
WUARL48H99K924733,Lamborghini,Murciélago,1953,Turquoise
JTHBS1BL3D5412341,Mercedes-Benz,S-Class,1928,Mauv
JTEBU5JR7B5240719,Ford,Laser,1939,Fuscia
1B3CB5HA7BD626689,Mitsubishi,Pajero,1978,Yellow
1C6RD7PT0CS516685,Buick,LaCrosse,1958,Orange
WUARL48H47K524074,Eagle,Talon,2002,Pink
1GYS3AEF2BR432052,Mitsubishi,Montero,1961,Orange
1ZVBP8AM2E5296747,Dodge,Durango,1966,Red
1C3CDFDH1FD913067,Buick,Riviera,2013,Mauv
WAUAF98E05A169781,Ferrari,F430,2016,Turquoise
WAUUL78E57A964872,Ford,Windstar,1956,Fuscia
1N6AF0KY0FN617140,BMW,3 Series,2005,Red
1FMEU8DE1AU833646,Scion,tC,1990,Turquoise
KMHHT6KD7AU638376,Lincoln,LS,1921,Fuscia
WA1CMAFEXBD369268,Chevrolet,Silverado 2500,1902,Fuscia
JN1BJ0HR8FM050402,GMC,Savana 1500,1911,Yellow
2C3CDXEJ6FH171534,Infiniti,G25,2010,Orange
3VW517AT1FM180984,Ford,Bronco II,2013,Puce
WAUKF78E46A542749,Mitsubishi,Diamante,1924,Fuscia
WAUML54D31N687494,Mazda,Mazda3,1912,Pink
KM8JT3AB8CU358937,Ram,2500,1910,Maroon
KMHTC6AD4CU493148,Mitsubishi,Diamante,1923,Khaki
2HKRM3H50DH603875,Hyundai,Tiburon,1997,Purple
KNDMB5C14F6911967,Subaru,XT,1979,Indigo
19UUA66226A586389,Saturn,Ion,1929,Yellow
5NPDH4AE9EH331083,Volkswagen,Cabriolet,1940,Violet
WP1AA2A27DL786571,Ford,Escape,1904,Goldenrod
WAUDG98EX6A759322,Dodge,Ram 2500 Club,1986,Puce
4T1BF1FKXDU429906,Chevrolet,Camaro,1977,Goldenrod
3MZBM1K74EM602348,Pontiac,Sunbird,1999,Turquoise
WBSBL93432J385689,Chevrolet,SSR,1910,Indigo
JM1NC2JF1E0496879,Volvo,C30,1924,Green
WBA3C3C56DF887004,Ford,E350,1959,Khaki
WAUMGBFL4DA074139,Oldsmobile,Bravada,1923,Khaki
WAUMR44E26N897741,Chevrolet,Cobalt SS,1971,Purple
KMHCT4AE5DU791271,Dodge,Ram Van 3500,1904,Blue
WAUHFAFL6CA038336,Mazda,626,1905,Orange
1D4PT7GX8BW961790,BMW,Z3,2022,Aquamarine
SCFFDAAE3CG366501,Aptera,Typ-1,1907,Red
KM8NU4CC8AU935859,Buick,Skylark,1990,Teal
1C3BCBGG8CN054219,Toyota,Prius,1914,Fuscia
WAUBF78E87A506791,Ford,Taurus,2009,Turquoise
1FTWW3A59AE045072,Nissan,Frontier,1977,Pink
WAUDF58E25A114769,Oldsmobile,Cutlass Cruiser,1975,Pink
TRUTC28N341438579,Infiniti,QX,1910,Maroon
1N6AD0CU4BC579984,Honda,CR-Z,1988,Mauv
JN1CV6FE1BM881942,Scion,tC,1950,Pink
19XFB2E55DE678700,Cadillac,Escalade,1991,Maroon
5N1AT2MLXEC912874,GMC,Sierra,2016,Blue
W04GY5GV0B1882848,Volvo,C70,1994,Mauv
JN8AF5MR9ET686302,Mitsubishi,Precis,1941,Violet
WBAET37454N519283,Isuzu,Axiom,1925,Turquoise
2C3CDYBT8EH909134,Nissan,Quest,1997,Aquamarine
WAUVT54B64N584111,Volvo,XC90,1938,Mauv
WAUHFBFL8BN394462,Ford,Escort,1946,Orange
3D7TT2HT0AG070535,Volkswagen,Cabriolet,1926,Puce
2D4JN1AGXBR799658,Toyota,Sequoia,2006,Purple
1N4AL2AP0BN858535,Ford,Mustang,1908,Turquoise
KNALU4D44F6465549,Audi,S4,1998,Khaki
WAUFFBFL5CA725935,Ford,Country,1923,Mauv
WBSDX9C57CE013322,Lincoln,MKT,1950,Turquoise
SCBBR9ZA2DC977310,Nissan,Quest,1997,Khaki
3C3CFFCR3CT662997,Mazda,626,1908,Violet
WAUEH98E46A270691,Porsche,Boxster,1981,Red
5UXZV4C55CL377674,Suzuki,Verona,1976,Teal
WAUJC68E85A651499,Land Rover,Range Rover Classic,1983,Puce
WA1BV94L57D482710,Lamborghini,Murciélago,1938,Green
19UUA65514A137035,MINI,Cooper,1946,Goldenrod
2C3CA4CG2BH721904,Ford,F250,1949,Khaki
1D4RD2GG2BC422351,Chevrolet,Astro,1960,Khaki
WAUHFAFLXAN769700,Mercedes-Benz,S-Class,1935,Purple
WAUJT54B24N465342,Chevrolet,Astro,1927,Pink
JTEBU5JR9C5449591,Ford,Mustang,1959,Mauv
2FMGK5B81EB764348,Dodge,Ram 1500,1953,Crimson
WA1C8AFP7DA864022,Kia,Soul,1903,Violet
5UXFA935X6L869651,MINI,Cooper,1937,Orange
3N1BC1CP1CK475512,Toyota,Corolla,1934,Red
JHMZF1D46ES721099,BMW,M,1933,Turquoise
1D4PU6GXXBW286936,Ford,Taurus,1904,Teal
JN1CV6EKXCM321605,Mercury,Mountaineer,2022,Red
TRURD38J691484358,Alfa Romeo,Spider,1957,Violet
19UUA9F79CA460037,Lexus,LS,1911,Indigo
WAUAF68EX5A319099,Audi,S6,1976,Goldenrod
1G6DM5EV8A0115036,Eagle,Talon,1981,Blue
5UXKR6C55F0893895,Dodge,Ram 1500,1925,Maroon
2HNYD18836H441109,Land Rover,Discovery,1959,Crimson
1FTMF1EW8AF653867,Ford,Econoline E350,2016,Maroon
WAUVT68E52A854623,Mazda,MPV,1991,Goldenrod
WBAEH73424B477669,Ford,Explorer Sport,1932,Teal
2G4GK5EX8F9800938,Pontiac,Tempest,1975,Aquamarine
WBA3C3C5XEP670258,Oldsmobile,Custom Cruiser,2017,Goldenrod
WVWAA7AJ6CW597898,Mazda,626,1973,Puce
WBAUP7C50DV856384,Porsche,944,2021,Puce
1C4AJWAG6FL466684,Ford,F250,2012,Aquamarine
JTHBE1KS7B0487536,Hyundai,Sonata,2003,Purple
1G6DK5EG9A0472782,Saab,9-5,1992,Maroon
YV4902DZ5E2053104,Lincoln,Continental,2019,Turquoise
2G4WC552261504762,Ford,LTD,2016,Maroon
1FTNF1E85AK239300,Toyota,Avalon,2000,Goldenrod
TRUXD38J591179151,Cadillac,Escalade ESV,1917,Aquamarine
1FTMF1E85AF064597,Audi,80,1969,Teal
3GYFNFE34CS727893,Mercury,Mariner,1942,Blue
1GYS4BEF8DR372865,Pontiac,Bonneville,1994,Red
1G4GE5G36FF404340,Toyota,Tundra,1925,Crimson
1FTEW1CM4DF686911,Chevrolet,Blazer,1996,Mauv
WBA3R1C56FF124339,Dodge,Viper,1931,Maroon
19UUA8F20BA390912,Volkswagen,Golf III,1961,Green
2HNYD2H3XDH461686,Volkswagen,Jetta,1923,Aquamarine
KMHTC6AD7DU394230,Lincoln,MKZ,1948,Crimson
TRUWC28N021120445,Ford,F350,1978,Maroon
5XYKT3A60EG000506,Land Rover,Freelander,1906,Khaki
3G5DA03L37S642209,MINI,Cooper Countryman,1974,Yellow
SCFAB42372K106063,Lexus,IS,1933,Goldenrod
SAJWA1CB4CL210230,Plymouth,Laser,1954,Aquamarine
3C4PDDGG9ET518163,Lincoln,Town Car,1932,Mauv
WAU3GAFD3FN485249,Hyundai,Elantra,1950,Khaki
2HNYD2H21CH761509,Infiniti,Q,1964,Teal
1G6DA5EG3A0033371,Nissan,Murano,1981,Orange
1G4GC5GC4BF320310,Dodge,Ram 1500 Club,1913,Indigo
WBAFU7C5XDD717662,Porsche,Carrera GT,1979,Maroon
WDDUG7GBXFA765156,Mazda,MX-6,2021,Crimson
JTEBC3EH1B2823247,Lincoln,MKX,1917,Green
1G6AB5SA7E0244059,Ford,Taurus,1937,Green
KNAFX6A84F5124486,Honda,Odyssey,1942,Pink
WBAGN83565D603473,Chevrolet,S10,1927,Indigo
WAUDT74F15N984377,Porsche,944,1957,Blue
WAUKFAFL6EA538229,Mitsubishi,GTO,1964,Fuscia
JN8AZ1MU4DW523137,Mitsubishi,Diamante,1941,Violet
WDBWK5EA5BF193327,Subaru,Legacy,2018,Fuscia
1FADP3E26FL231555,Land Rover,Range Rover,1974,Yellow
5N1AN0NU6FN614849,Toyota,Tundra,1905,Maroon
WA1LMBFE7BD754549,Ford,Explorer,1945,Indigo
JA32U2FU2EU747309,Cadillac,Escalade ESV,1989,Blue
WAUSF98E87A707053,Ford,Ranger,1981,Red
1G6DS1E36C0202465,Nissan,Frontier,1977,Puce
1G6AW5SX4F0016403,Mazda,626,1935,Khaki
YV1612FHXE2932664,Kia,Spectra,2018,Maroon
3D7TT2CT7BG490589,Toyota,TundraMax,1928,Yellow
1FTWF3A53AE294600,Mitsubishi,Excel,2010,Indigo
JN1AJ0HP9CM648956,Ford,Crown Victoria,1923,Turquoise
5GADV33W87D963835,Lexus,RX,2003,Maroon
3C6TD5NT1CG902777,Toyota,Land Cruiser,1915,Yellow
WBAET37482N048145,Volvo,S60,1918,Teal
1GYS3DEF1DR780185,Audi,S6,1976,Green
5TDDW5G13FS386284,Ford,Focus,1999,Aquamarine
WBAYA8C5XFG341327,Mercury,Grand Marquis,1958,Red
YV1672MK2B2638281,Ford,F250,2014,Teal
JTJBC1BAXC2167158,Mazda,RX-7,1980,Aquamarine
5UXFB53505L451071,Dodge,Viper,1904,Orange
1G6DL67A180828115,Chrysler,Town & Country,1914,Crimson
JM1NC2LF1C0438264,Ford,Contour,1902,Maroon
1G6DG8E51C0335484,Dodge,Viper RT/10,1929,Khaki
YV126MEC7F1160620,Volkswagen,R32,1918,Puce
WA1CM74L29D349479,Mazda,B-Series,1992,Indigo
JN1CV6EK3BM707054,Bentley,Azure,1951,Mauv
4JGBF2FE6BA391430,Ford,Focus,1929,Orange
WBABW33455P942418,Lotus,Esprit,1983,Red
1GYUKAEF2AR943660,Studebaker,Avanti,1950,Red
1B3CB3HA8AD794862,Toyota,Avalon,1976,Goldenrod
KNADH4A39A6306071,Oldsmobile,Aurora,1974,Crimson
1G6DA67V380902210,Jaguar,XJ Series,2010,Crimson
1GT01ZCGXEF663574,Volkswagen,Jetta,1949,Mauv
3LNHL2GC2AR049235,Acura,TL,1902,Puce
2G61P5S37D9845771,Ford,Tempo,1959,Maroon
WBAPK73549A521963,Mitsubishi,Galant,1916,Orange
JN8AS5MT0CW624774,Lamborghini,Countach,2009,Green
1VWAH7A34DC179613,Dodge,Ram Van 2500,1955,Teal
3D7TP2CT3AG764194,Dodge,Spirit,2001,Aquamarine
WBAEH13446C203240,Nissan,Altima,1996,Indigo
WBAAZ33493P372424,Lotus,Esprit,1959,Aquamarine
WDDGF4HB6CR461655,Buick,Park Avenue,1902,Crimson
WAUDH94F27N995016,Ford,Expedition,1980,Violet
1GYFC33229R133829,Honda,Prelude,1955,Puce
1C3CDZBG8DN521691,Panoz,Esperante,1940,Teal
